{
  "live-like": {},
  "more-scavs": {
    "moreScavGroups": true,
    "scavMaxGroupSize": 5,
    "scavWaveQuantity": 1.2
  },
  "more-pmcs": {
    "morePmcGroups": true,
    "pmcMaxGroupSize": 5,
    "pmcWaveQuantity": 1.2
  },
  "more-scavs-and-pmcs": {
    "maxBotCap": 30,
    "moreScavGroups": true,
    "scavMaxGroupSize": 5,
    "morePmcGroups": true,
    "pmcMaxGroupSize": 5,
    "scavWaveQuantity": 1.2,
    "pmcWaveQuantity": 1.2,
    "mainBossChanceBuff": 25
  },
  "boss-invasion": {
    "bossOpenZones": true,
    "bossInvasion": true,
    "bossInvasionSpawnChance": 10,
    "mainBossChanceBuff": 25,
    "gradualBossInvasion": true
  },
  "rogue-invasion": {
    "randomRaiderGroup": true,
    "randomRaiderGroupChance": 50
  },
  "raider-invasion": {
    "randomRaiderGroup": true,
    "randomRaiderGroupChance": 50
  },
  "insanity": {
    "scavWaveDistribution": 0.4,
    "scavWaveQuantity": 1.3,
    "pmcWaveQuantity": 1.3,
    "maxBotCap": 30,
    "maxBotPerZone": 9,
    "moreScavGroups": true,
    "morePmcGroups": true,
    "pmcMaxGroupSize": 6,
    "scavMaxGroupSize": 6,
    "snipersHaveFriends": true,
    "bossOpenZones": true,
    "randomRaiderGroup": true,
    "randomRaiderGroupChance": 50,
    "randomRogueGroup": true,
    "randomRogueGroupChance": 50,
    "mainBossChanceBuff": 50,
    "bossInvasion": true,
    "bossInvasionSpawnChance": 10
  },
  "main-boss-roaming": {
    "bossOpenZones": true,
    "mainBossChanceBuff": 35
  },
  "sniper-buddies": {
    "snipersHaveFriends": true
  }
}
