{
  "bigmap": [
    {
      "x": 369.272278,
      "y": 11.2302418,
      "z": -72.96668
    },
    {
      "x": 197.6982,
      "y": 20.6448269,
      "z": -99.9941
    },
    {
      "x": 655.7491,
      "y": 13.0718241,
      "z": 5.93848372
    },
    {
      "x": -121.7867,
      "y": 5.632545,
      "z": -0.798637152
    },
    {
      "x": 421.84375,
      "y": 22.7934837,
      "z": 212.3183
    }
  ],
  "factory4_day": [],
  "factory4_night": [],
  "interchange": [],
  "laboratory": [],
  "lighthouse": [
    {
      "x": 52.6982346,
      "y": 36.2576866,
      "z": -66.2429047
    },
    {
      "x": -50.28446,
      "y": 25.192667,
      "z": 108.342476
    },
    {
      "x": -186.507446,
      "y": 34.5950928,
      "z": -155.675827
    }
  ],
  "rezervbase": [],
  "shoreline": [
    {
      "x": 386.443848,
      "y": -49.36506,
      "z": 281.6941
    },
    {
      "x": -97.2247849,
      "y": -33.9793243,
      "z": 345.60022
    },
    {
      "x": -600.110352,
      "y": -21.88225,
      "z": -178.341492
    },
    {
      "x": -58.79216,
      "y": -4.279404,
      "z": -385.828857
    },
    {
      "x": -0.367416143,
      "y": -31.33284,
      "z": 247.632156
    }
  ],
  "tarkovstreets": [],
  "woods": [
    {
      "x": -526.0752,
      "y": 20.1364822,
      "z": -134.8717
    },
    {
      "x": 44.6502228,
      "y": 4.92170954,
      "z": 7.110855
    }
  ],
  "sandbox": [],
  "sandbox_high": []
}