{
  "bigmap": [
    {
      "x": -307.624481,
      "y": -0.18032879999999996,
      "z": -64.92544
    },
    {
      "x": -333.947418,
      "y": 0.615623824,
      "z": -143.9713
    },
    {
      "x": -296.7575,
      "y": 1.2182696,
      "z": -196.684341
    },
    {
      "x": -216.051178,
      "y": 1.67647457,
      "z": -217.4136
    },
    {
      "x": -218.407318,
      "y": 1.62172031,
      "z": -139.796143
    },
    {
      "x": -175.081879,
      "y": 1.247077465,
      "z": -39.7637939
    },
    {
      "x": 15.0957222,
      "y": -0.58857608,
      "z": 117.226555
    },
    {
      "x": -14.4906445,
      "y": 0.42244701,
      "z": -138.409088
    },
    {
      "x": 352.8775,
      "y": 1.64999878,
      "z": -183.82
    },
    {
      "x": 648.191833,
      "y": 1.60148358,
      "z": -144.06218
    },
    {
      "x": 665.9055,
      "y": 1.56631947,
      "z": -53.6426
    },
    {
      "x": 642.9584,
      "y": 0.24754779999999998,
      "z": -24.9292
    },
    {
      "x": 652.2436,
      "y": 0.973725,
      "z": 120.040123
    },
    {
      "x": 564.253357,
      "y": 13.6977177,
      "z": 175.082016
    },
    {
      "x": 466.229431,
      "y": 3.02413964,
      "z": 208.110062
    }
  ],
  "factory4_day": [],
  "factory4_night": [],
  "interchange": [
    {
      "x": 486.8136,
      "y": 18.8358173,
      "z": -388.101532
    },
    {
      "x": 494.499542,
      "y": 18.8277626,
      "z": -259.6602
    },
    {
      "x": 367.8197,
      "y": 17.5903282,
      "z": -176.857742
    },
    {
      "x": 324.036163,
      "y": 18.5674953,
      "z": -127.9254
    },
    {
      "x": 294.95636,
      "y": 22.6577663,
      "z": -347.569153
    },
    {
      "x": 276.358551,
      "y": 21.8254337,
      "z": -122.657585
    },
    {
      "x": 280.405762,
      "y": 21.8254375,
      "z": 348.3306
    },
    {
      "x": 227.14653,
      "y": 20.6767864,
      "z": 325.247681
    },
    {
      "x": 57.9410934,
      "y": 21.8254356,
      "z": 311.738251
    },
    {
      "x": -102.582909,
      "y": 22.5663853,
      "z": 255.855408
    },
    {
      "x": -299.139282,
      "y": 21.82544,
      "z": 232.340439
    },
    {
      "x": -332.487183,
      "y": 25.20281,
      "z": 155.760818
    },
    {
      "x": -263.5349,
      "y": 21.8254356,
      "z": 134.117
    },
    {
      "x": 37.3385353,
      "y": 26.34736,
      "z": -384.733643
    },
    {
      "x": 43.7814255,
      "y": 21.7428856,
      "z": -409.5247
    },
    {
      "x": 182.641724,
      "y": 19.6667252,
      "z": -361.963043
    },
    {
      "x": -242.2355,
      "y": 21.8254356,
      "z": -367.953339
    },
    {
      "x": -250.064941,
      "y": 21.8254337,
      "z": -268.880249
    },
    {
      "x": -83.5057,
      "y": 21.8254356,
      "z": -353.3304
    },
    {
      "x": 91.92487,
      "y": 22.2358532,
      "z": 284.0067
    },
    {
      "x": 124.855835,
      "y": 21.8268,
      "z": 269.1464
    },
    {
      "x": 208.208145,
      "y": 21.8254356,
      "z": 242.407852
    },
    {
      "x": 211.8791,
      "y": 21.8281136,
      "z": 136.75499
    },
    {
      "x": -130.359039,
      "y": 21.8254356,
      "z": 211.65332
    },
    {
      "x": -251.688843,
      "y": 21.8254356,
      "z": 53.3156166
    }
  ],
  "laboratory": [],
  "lighthouse": [
    {
      "x": 116.914436,
      "y": 0.815583467,
      "z": 553.115967
    },
    {
      "x": 43.46533,
      "y": 0.874220878,
      "z": 576.562561
    },
    {
      "x": -23.2818089,
      "y": 1.932637,
      "z": 566.6161
    },
    {
      "x": -83.78089,
      "y": 0.50246091932,
      "z": 552.4679
    },
    {
      "x": -218.183243,
      "y": 6.44645452,
      "z": 418.745544
    },
    {
      "x": -83.9460449,
      "y": 34.4138374,
      "z": 424.8786
    },
    {
      "x": 102.575386,
      "y": 1.025829136,
      "z": 434.878479
    },
    {
      "x": 80.04721,
      "y": 0.8321548400000001,
      "z": 494.383728
    },
    {
      "x": 111.760544,
      "y": 2.44262254,
      "z": 391.072876
    },
    {
      "x": -53.62172,
      "y": 6.457632,
      "z": 324.8132
    },
    {
      "x": -123.026482,
      "y": 21.3146744,
      "z": 322.837463
    },
    {
      "x": -151.236252,
      "y": 32.91004,
      "z": 234.2063
    },
    {
      "x": -455.7838,
      "y": 24.8210411,
      "z": -240.8463
    },
    {
      "x": -433.91275,
      "y": 28.929987,
      "z": -384.6545
    },
    {
      "x": -374.223969,
      "y": 26.2560425,
      "z": -523.9494
    },
    {
      "x": -342.501678,
      "y": 27.3754063,
      "z": -660.4178
    },
    {
      "x": -127.586487,
      "y": 10.5747557,
      "z": -906.55896
    },
    {
      "x": 49.7104263,
      "y": 11.01153,
      "z": -940.434937
    },
    {
      "x": 158.754974,
      "y": 2.38006771,
      "z": -744.6065
    },
    {
      "x": 120.481964,
      "y": 0.8155948820000001,
      "z": -162.940842
    },
    {
      "x": 130.387421,
      "y": 1.78100014,
      "z": 25.8580666
    },
    {
      "x": 156.841339,
      "y": 0.897778332,
      "z": 195.468048
    },
    {
      "x": -338.928,
      "y": 19.9513531,
      "z": -421.052765
    }
  ],
  "rezervbase": [
    {
      "x": -61.3694649,
      "y": 23.3688011,
      "z": 185.361
    },
    {
      "x": -291.4643,
      "y": -5.758037,
      "z": -81.70997
    },
    {
      "x": -258.8454,
      "y": -5.809322,
      "z": 48.5200768
    },
    {
      "x": -232.336243,
      "y": -5.770771,
      "z": -106.64888
    },
    {
      "x": 2.784985,
      "y": -6.578336,
      "z": -202.077362
    },
    {
      "x": 187.960587,
      "y": -6.57833242,
      "z": -248.726089
    },
    {
      "x": 206.601883,
      "y": -6.11055136,
      "z": -145.929977
    },
    {
      "x": 216.456863,
      "y": -6.451984,
      "z": -109.76857
    },
    {
      "x": 266.0937,
      "y": -6.408105,
      "z": -4.565413
    },
    {
      "x": 207.489471,
      "y": -6.39341831,
      "z": 41.8928833
    },
    {
      "x": 36.3909035,
      "y": -6.5777936,
      "z": 117.567513
    },
    {
      "x": -83.48834,
      "y": -1.5380661500000001,
      "z": 139.402786
    },
    {
      "x": -216.334915,
      "y": -1.83605623,
      "z": 63.8259125
    },
    {
      "x": -26.4631081,
      "y": 19.07441,
      "z": 173.650223
    },
    {
      "x": 79.48988,
      "y": -0.47576445300000003,
      "z": -33.161972
    },
    {
      "x": 93.63736,
      "y": -6.377072,
      "z": 22.6619167
    },
    {
      "x": 94.22176,
      "y": -6.42007,
      "z": -3.06628323
    }
  ],
  "shoreline": [
    {
      "x": 255.101135,
      "y": -53.634388,
      "z": -104.88662
    },
    {
      "x": 247.563934,
      "y": -64.2936859,
      "z": 450.9826
    },
    {
      "x": -629.215759,
      "y": -21.0713081,
      "z": -325.424957
    },
    {
      "x": -636.5035,
      "y": -39.57397,
      "z": -12.2949867
    },
    {
      "x": 171.53833,
      "y": -34.23907,
      "z": -299.059479
    },
    {
      "x": -515.175537,
      "y": -18.1762714,
      "z": -332.9172
    },
    {
      "x": -439.244049,
      "y": -12.1298723,
      "z": -354.758453
    },
    {
      "x": -744.432,
      "y": -41.448204,
      "z": 17.4770336
    },
    {
      "x": -933.605835,
      "y": -57.1734352,
      "z": 353.9989
    },
    {
      "x": -913.4419,
      "y": -57.845623,
      "z": 247.222351
    },
    {
      "x": -739.981,
      "y": -59.1001434,
      "z": 496.96283
    },
    {
      "x": 171.71698,
      "y": -34.2415428,
      "z": -304.676056
    },
    {
      "x": 392.52652,
      "y": -54.1549759,
      "z": -77.59323
    },
    {
      "x": 445.317139,
      "y": -54.05862,
      "z": 165.605591
    },
    {
      "x": 342.16507,
      "y": -59.1576538,
      "z": 313.4334
    },
    {
      "x": 326.6988,
      "y": -55.84134,
      "z": 112.99379
    }
  ],
  "tarkovstreets": [
    {
      "x": 20.0220375,
      "y": 3.65626884,
      "z": -134.672531
    },
    {
      "x": 237.519226,
      "y": -5.27918863,
      "z": 1.93625653
    },
    {
      "x": -156.698166,
      "y": 0.9369116719999999,
      "z": 49.512558
    },
    {
      "x": -236.037354,
      "y": 2.64710546,
      "z": 217.017975
    },
    {
      "x": -224.4071,
      "y": 2.62091279,
      "z": 359.852661
    },
    {
      "x": -189.713135,
      "y": 2.82769012,
      "z": 447.369629
    },
    {
      "x": 14.4189625,
      "y": 2.61336231,
      "z": 453.430084
    },
    {
      "x": 288.29834,
      "y": 3.89124751,
      "z": 489.4708
    },
    {
      "x": 253.628357,
      "y": 3.89470148,
      "z": 425.746582
    },
    {
      "x": 205.801224,
      "y": 3.621455,
      "z": 248.665283
    },
    {
      "x": 120.503189,
      "y": 4.48645449,
      "z": -253.226852
    }
  ],
  "woods": [
    {
      "x": 348.4952,
      "y": -11.974452,
      "z": 333.8655
    },
    {
      "x": 462.840454,
      "y": -18.299778,
      "z": 275.3271
    },
    {
      "x": 465.663269,
      "y": -11.2324724,
      "z": 98.55305
    },
    {
      "x": 254.589691,
      "y": -10.56004,
      "z": 331.0478
    },
    {
      "x": 205.147369,
      "y": -14.3454933,
      "z": 275.609131
    },
    {
      "x": -94.62124,
      "y": 0.5418019071,
      "z": 373.476868
    },
    {
      "x": -149.472244,
      "y": -0.78321087,
      "z": 404.047363
    },
    {
      "x": -282.2021,
      "y": 0.359909236,
      "z": 353.128937
    },
    {
      "x": -405.274567,
      "y": -0.31904520000000003,
      "z": 322.718323
    },
    {
      "x": -526.0039,
      "y": 7.75222349,
      "z": 149.336334
    },
    {
      "x": -599.647,
      "y": 20.6886768,
      "z": -210.3147
    },
    {
      "x": -623.912231,
      "y": 13.6213293,
      "z": -261.8521
    },
    {
      "x": -485.7418,
      "y": 15.5604687,
      "z": -497.0832
    },
    {
      "x": -252.9417,
      "y": 18.5396137,
      "z": -655.406
    },
    {
      "x": 105.569855,
      "y": 17.1755581,
      "z": -842.807739
    },
    {
      "x": 212.125168,
      "y": 13.0762863,
      "z": -819.3303
    },
    {
      "x": 367.191437,
      "y": 21.663269,
      "z": -664.3961
    },
    {
      "x": 319.9668,
      "y": 13.359005,
      "z": -552.9796
    },
    {
      "x": 397.709717,
      "y": 15.596736,
      "z": -376.39798
    },
    {
      "x": 445.0131,
      "y": 13.5435467,
      "z": -248.09549
    },
    {
      "x": 440.326782,
      "y": -8.201758,
      "z": 45.44756
    },
    {
      "x": -287.750031,
      "y": 14.396596,
      "z": -421.817383
    }
  ],
  "sandbox": [
    {
      "x": 57.4632835,
      "y": 14.4418392,
      "z": -31.7662258
    },
    {
      "x": 91.02775,
      "y": 17.1257839,
      "z": -92.95362
    },
    {
      "x": 142.756683,
      "y": 23.1981068,
      "z": -84.772316
    },
    {
      "x": 112.335709,
      "y": 23.15787,
      "z": -87.14924
    },
    {
      "x": 38.0329781,
      "y": 23.270031,
      "z": -98.06816
    },
    {
      "x": -12.0678473,
      "y": 24.3207321,
      "z": -57.5081673
    },
    {
      "x": 196.360443,
      "y": 16.786,
      "z": -30.80466
    },
    {
      "x": 207.275177,
      "y": 16.6755753,
      "z": 39.47561
    },
    {
      "x": 181.262421,
      "y": 16.7284355,
      "z": 128.114059
    },
    {
      "x": 12.6891594,
      "y": 23.92113,
      "z": 156.696045
    },
    {
      "x": 148.9755,
      "y": 23.2307129,
      "z": 255.2195
    },
    {
      "x": 6.861799,
      "y": 23.281229,
      "z": 329.646271
    },
    {
      "x": 15.0184345,
      "y": 23.2690887,
      "z": 273.1378
    },
    {
      "x": 102.957466,
      "y": 28.662529,
      "z": 314.586761
    },
    {
      "x": 111.900208,
      "y": 23.8994617,
      "z": 311.414917
    },
    {
      "x": 130.803772,
      "y": 23.9673481,
      "z": 270.273
    },
    {
      "x": 90.2980042,
      "y": 14.62701,
      "z": 171.5217
    },
    {
      "x": 50.5409851,
      "y": 15.1867151,
      "z": 157.353775
    },
    {
      "x": 106.154358,
      "y": 14.5828362,
      "z": 63.33437
    }
  ],
  "sandbox_high": [
    {
      "x": 57.4632835,
      "y": 14.4418392,
      "z": -31.7662258
    },
    {
      "x": 91.02775,
      "y": 17.1257839,
      "z": -92.95362
    },
    {
      "x": 142.756683,
      "y": 23.1981068,
      "z": -84.772316
    },
    {
      "x": 112.335709,
      "y": 23.15787,
      "z": -87.14924
    },
    {
      "x": 38.0329781,
      "y": 23.270031,
      "z": -98.06816
    },
    {
      "x": -12.0678473,
      "y": 24.3207321,
      "z": -57.5081673
    },
    {
      "x": 196.360443,
      "y": 16.786,
      "z": -30.80466
    },
    {
      "x": 207.275177,
      "y": 16.6755753,
      "z": 39.47561
    },
    {
      "x": 181.262421,
      "y": 16.7284355,
      "z": 128.114059
    },
    {
      "x": 12.6891594,
      "y": 23.92113,
      "z": 156.696045
    },
    {
      "x": 148.9755,
      "y": 23.2307129,
      "z": 255.2195
    },
    {
      "x": 6.861799,
      "y": 23.281229,
      "z": 329.646271
    },
    {
      "x": 15.0184345,
      "y": 23.2690887,
      "z": 273.1378
    },
    {
      "x": 102.957466,
      "y": 28.662529,
      "z": 314.586761
    },
    {
      "x": 111.900208,
      "y": 23.8994617,
      "z": 311.414917
    },
    {
      "x": 130.803772,
      "y": 23.9673481,
      "z": 270.273
    },
    {
      "x": 90.2980042,
      "y": 14.62701,
      "z": 171.5217
    },
    {
      "x": 50.5409851,
      "y": 15.1867151,
      "z": 157.353775
    },
    {
      "x": 106.154358,
      "y": 14.5828362,
      "z": 63.33437
    }
  ]
}