{
  "bigmap": [
    {
      "x": 644.906433,
      "y": 0.8981615299999999,
      "z": 124.177345
    },
    {
      "x": 626.361267,
      "y": 2.281789,
      "z": 97.45197
    },
    {
      "x": 603.0844,
      "y": 6.63166046,
      "z": 109.145416
    },
    {
      "x": 562.159058,
      "y": 15.7497768,
      "z": 147.763718
    },
    {
      "x": 544.4945,
      "y": 6.16559,
      "z": 67.1485443
    },
    {
      "x": 503.0341,
      "y": 9.951932,
      "z": 60.12894
    },
    {
      "x": 484.279755,
      "y": 11.595027,
      "z": 81.32664
    },
    {
      "x": 506.216034,
      "y": 14.5007343,
      "z": 122.326782
    },
    {
      "x": 478.075165,
      "y": 3.44185948,
      "z": 161.85881
    },
    {
      "x": 465.621368,
      "y": 4.50928736,
      "z": 140.425964
    },
    {
      "x": 456.2658,
      "y": 12.4092331,
      "z": 99.6092453
    },
    {
      "x": 418.384766,
      "y": 3.013848,
      "z": 70.34274
    },
    {
      "x": 396.615173,
      "y": 2.42234719,
      "z": 77.499176
    },
    {
      "x": 371.085266,
      "y": 1.326120853,
      "z": 78.38702
    },
    {
      "x": 376.3876,
      "y": 10.87682,
      "z": 139.199188
    },
    {
      "x": 385.614746,
      "y": 13.8405361,
      "z": 184.8955
    },
    {
      "x": 426.6256,
      "y": 10.248782,
      "z": 197.895172
    },
    {
      "x": 346.459351,
      "y": 6.399575,
      "z": 121.327972
    },
    {
      "x": 344.132172,
      "y": 2.27664137,
      "z": 79.69861
    },
    {
      "x": 328.555145,
      "y": 1.79390025,
      "z": 60.5217361
    },
    {
      "x": 350.6124,
      "y": 0.0010866520000000213,
      "z": 52.32654
    },
    {
      "x": 297.700684,
      "y": -1.1482155300000003,
      "z": 63.2100143
    },
    {
      "x": 266.6165,
      "y": -2.57164049,
      "z": 82.3688354
    },
    {
      "x": 254.3162,
      "y": 0.6469844579999999,
      "z": 150.997452
    },
    {
      "x": 239.714874,
      "y": -0.1937426,
      "z": 182.810669
    },
    {
      "x": 214.285873,
      "y": -0.6202864599999999,
      "z": 191.926
    },
    {
      "x": 163.75354,
      "y": -1.18064094,
      "z": 199.564789
    },
    {
      "x": 152.44104,
      "y": -1.02730823,
      "z": 179.044189
    },
    {
      "x": 138.656036,
      "y": -1.3767459400000002,
      "z": 154.9155
    },
    {
      "x": 105.77549,
      "y": -2.40459538,
      "z": 157.900436
    },
    {
      "x": 59.79218,
      "y": -3.840946,
      "z": 119.544525
    },
    {
      "x": 58.0996246,
      "y": -3.09243417,
      "z": 92.6208344
    },
    {
      "x": 84.8447342,
      "y": -1.4591472100000002,
      "z": 68.26317
    },
    {
      "x": 108.150818,
      "y": -1.2258721600000002,
      "z": 61.8904152
    },
    {
      "x": 122.396339,
      "y": -0.06853450000000005,
      "z": 39.57657
    },
    {
      "x": 202.368149,
      "y": -0.85824311,
      "z": 48.7537422
    },
    {
      "x": 264.085541,
      "y": 1.66909194,
      "z": -10.8289251
    },
    {
      "x": 203.49527,
      "y": 4.3712194,
      "z": 10.7429361
    },
    {
      "x": 179.710632,
      "y": 1.7927557199999997,
      "z": 13.6136341
    },
    {
      "x": 198.832474,
      "y": -2.25874782,
      "z": -143.868073
    },
    {
      "x": 226.274445,
      "y": 1.8120700000000003,
      "z": -152.466934
    },
    {
      "x": 256.12677,
      "y": 1.7255953599999998,
      "z": -148.035065
    },
    {
      "x": 284.246155,
      "y": 4.627302,
      "z": -150.493774
    },
    {
      "x": 287.6501,
      "y": 2.05195332,
      "z": -203.412674
    },
    {
      "x": 330.932831,
      "y": 4.700771,
      "z": -120.073845
    },
    {
      "x": 352.167236,
      "y": 4.736766,
      "z": -111.830849
    },
    {
      "x": 390.7965,
      "y": 1.6705870000000003,
      "z": -115.596779
    },
    {
      "x": 421.22998,
      "y": 4.714122,
      "z": -130.802536
    },
    {
      "x": 483.3155,
      "y": 1.6157716500000001,
      "z": -40.8431053
    },
    {
      "x": 426.0826,
      "y": 1.63224256,
      "z": -53.929306
    },
    {
      "x": 396.652435,
      "y": 1.63732862,
      "z": -56.5637321
    },
    {
      "x": 376.458038,
      "y": 1.63391733,
      "z": -77.90272
    },
    {
      "x": 369.4044,
      "y": 1.6490515500000003,
      "z": -46.484272
    },
    {
      "x": 364.615417,
      "y": 1.6643312,
      "z": -14.8107471
    },
    {
      "x": 345.536652,
      "y": 1.6643312,
      "z": -7.421874
    },
    {
      "x": 339.773926,
      "y": 1.7952646000000003,
      "z": -42.7292328
    },
    {
      "x": 335.0259,
      "y": 1.79291511,
      "z": -65.39027
    },
    {
      "x": 337.741577,
      "y": 1.8020970800000002,
      "z": -90.68583
    },
    {
      "x": 348.3853,
      "y": 1.60662079,
      "z": -162.4169
    },
    {
      "x": 246.582047,
      "y": 1.62401426,
      "z": -72.66881
    },
    {
      "x": 198.178619,
      "y": 1.60544419,
      "z": -36.5095139
    },
    {
      "x": 168.025085,
      "y": 1.64992464,
      "z": -63.5274277
    },
    {
      "x": 107.300087,
      "y": 1.89460659,
      "z": -89.24351
    },
    {
      "x": 59.10971,
      "y": 1.78355861,
      "z": -72.69168
    },
    {
      "x": 69.4475,
      "y": 1.62255371,
      "z": -40.80853
    },
    {
      "x": 49.4975929,
      "y": 1.69499338,
      "z": -11.2656345
    },
    {
      "x": 57.7471161,
      "y": 1.2125401500000001,
      "z": 7.39377356
    },
    {
      "x": 31.7893028,
      "y": -0.57776749,
      "z": 36.7203445
    },
    {
      "x": -10.3683844,
      "y": -0.05755339999999998,
      "z": 35.80947
    },
    {
      "x": -51.72802,
      "y": -12.3136,
      "z": 45.1565933
    },
    {
      "x": -24.8628845,
      "y": -8.340166,
      "z": 85.35458
    },
    {
      "x": -29.1821213,
      "y": -10.4283419,
      "z": 114.228783
    },
    {
      "x": -2.24856186,
      "y": -3.89206457,
      "z": 107.59346
    },
    {
      "x": 24.3358936,
      "y": -0.5024679999999999,
      "z": 93.39741
    },
    {
      "x": -34.4313431,
      "y": 0.813168645,
      "z": -1.44573927
    },
    {
      "x": -55.7129135,
      "y": 0.9166388809999999,
      "z": 6.919475
    },
    {
      "x": -91.02421,
      "y": 0.952377856,
      "z": 13.643033
    },
    {
      "x": -114.557045,
      "y": 0.9437701700000001,
      "z": 11.1768637
    },
    {
      "x": -180.599655,
      "y": 0.58265871,
      "z": 5.27551126
    },
    {
      "x": -215.955322,
      "y": -0.013305400000000023,
      "z": -13.3671389
    },
    {
      "x": -259.435455,
      "y": 1.3692214489999999,
      "z": -78.33612
    },
    {
      "x": -280.582581,
      "y": 1.3692214489999999,
      "z": -83.72153
    },
    {
      "x": -235.118942,
      "y": 0.669038743,
      "z": -74.0859756
    },
    {
      "x": -220.864914,
      "y": 1.177674949,
      "z": -60.190094
    },
    {
      "x": -203.166962,
      "y": 1.7511124599999999,
      "z": -33.57056
    },
    {
      "x": -177.894531,
      "y": 1.4358563420000001,
      "z": -45.2099152
    },
    {
      "x": -157.088531,
      "y": 1.8825273500000002,
      "z": -54.9010544
    },
    {
      "x": -154.064285,
      "y": 1.4300753469999998,
      "z": -74.9202957
    },
    {
      "x": -163.1226,
      "y": 3.6211976999999997,
      "z": -145.316788
    },
    {
      "x": -209.131683,
      "y": 1.4477444,
      "z": -182.339951
    },
    {
      "x": -185.093231,
      "y": 2.305265,
      "z": -186.7409
    },
    {
      "x": -207.87764,
      "y": 1.7551697500000003,
      "z": -210.167908
    },
    {
      "x": -317.067,
      "y": 1.4162192,
      "z": -190.285339
    },
    {
      "x": -317.486,
      "y": 1.4685522,
      "z": -166.049088
    },
    {
      "x": -331.278442,
      "y": 0.48691936,
      "z": -123.1832
    },
    {
      "x": -286.7494,
      "y": -0.31516520000000003,
      "z": -50.11011
    },
    {
      "x": -272.3683,
      "y": 0.17205542299999999,
      "z": -26.6685658
    },
    {
      "x": -131.165543,
      "y": -1.6290636100000002,
      "z": -29.30433
    },
    {
      "x": -94.1864,
      "y": -8.880024,
      "z": -44.7925224
    },
    {
      "x": -72.3187256,
      "y": -9.208183,
      "z": -49.1068764
    },
    {
      "x": 19.31347,
      "y": 0.44983119520000003,
      "z": -25.515543
    },
    {
      "x": 0.497767746,
      "y": 1.57023323,
      "z": -76.42957
    },
    {
      "x": 1.38900924,
      "y": 1.60138083,
      "z": -126.827271
    },
    {
      "x": 32.1375656,
      "y": 1.6066588199999998,
      "z": -112.356575
    },
    {
      "x": 61.3254623,
      "y": 1.6635679999999997,
      "z": -109.5339
    },
    {
      "x": 576.8831,
      "y": 1.94585454,
      "z": -58.348877
    },
    {
      "x": 563.104065,
      "y": -0.31062540000000005,
      "z": 2.00142
    },
    {
      "x": 543.3302,
      "y": 0.320250139,
      "z": -0.442697
    },
    {
      "x": 81.6217346,
      "y": 2.00750268,
      "z": -151.027039
    },
    {
      "x": 228.014847,
      "y": 0.44975153,
      "z": 158.021744
    }
  ],
  "factory4_day": [
    {
      "x": 14.9062071,
      "y": 5.108978,
      "z": 46.65968
    },
    {
      "x": 14.771657,
      "y": 1.5306538300000003,
      "z": 38.67751
    },
    {
      "x": -39.7549133,
      "y": 7.987152,
      "z": 62.6642342
    },
    {
      "x": -22.3375015,
      "y": 7.987169,
      "z": 9.725967
    },
    {
      "x": 8.108521,
      "y": 7.85232925,
      "z": -0.255552679
    },
    {
      "x": 34.8389435,
      "y": 8.22901058,
      "z": -6.220801
    },
    {
      "x": 30.718338,
      "y": 7.6758880000000005,
      "z": -32.70795
    },
    {
      "x": 17.4661484,
      "y": 0.16427895400000003,
      "z": -44.53234
    },
    {
      "x": -8.074425,
      "y": 0.14414432599999993,
      "z": -49.441864
    }
  ],
  "factory4_night": [
    {
      "x": 14.9062071,
      "y": 5.108978,
      "z": 46.65968
    },
    {
      "x": 14.771657,
      "y": 1.5306538300000003,
      "z": 38.67751
    },
    {
      "x": -39.7549133,
      "y": 7.987152,
      "z": 62.6642342
    },
    {
      "x": -22.3375015,
      "y": 7.987169,
      "z": 9.725967
    },
    {
      "x": 8.108521,
      "y": 7.85232925,
      "z": -0.255552679
    },
    {
      "x": 34.8389435,
      "y": 8.22901058,
      "z": -6.220801
    },
    {
      "x": 30.718338,
      "y": 7.6758880000000005,
      "z": -32.70795
    },
    {
      "x": 17.4661484,
      "y": 0.16427895400000003,
      "z": -44.53234
    },
    {
      "x": -8.074425,
      "y": 0.14414432599999993,
      "z": -49.441864
    }
  ],
  "interchange": [
    {
      "x": 306.6949,
      "y": 22.3703613,
      "z": -163.197372
    },
    {
      "x": 370.984,
      "y": 18.8629875,
      "z": -229.275665
    },
    {
      "x": 431.68576,
      "y": 18.074276,
      "z": -320.8318
    },
    {
      "x": 373.3453,
      "y": 18.3586578,
      "z": -375.009766
    },
    {
      "x": 235.885757,
      "y": 20.7026825,
      "z": -276.835724
    },
    {
      "x": 213.305908,
      "y": 20.7839127,
      "z": -213.397018
    },
    {
      "x": 223.268372,
      "y": 20.42921,
      "z": -141.728333
    },
    {
      "x": 214.012634,
      "y": 20.7538376,
      "z": -85.7485046
    },
    {
      "x": 171.5519,
      "y": 21.9475384,
      "z": -65.2406
    },
    {
      "x": 139.65799,
      "y": 21.856554,
      "z": 44.3145
    },
    {
      "x": 67.2355347,
      "y": 21.9292259,
      "z": 204.827774
    },
    {
      "x": -119.261528,
      "y": 22.9796734,
      "z": 261.25354
    },
    {
      "x": -207.836472,
      "y": 24.0151825,
      "z": 257.108459
    },
    {
      "x": -309.632141,
      "y": 21.82544,
      "z": 244.291122
    },
    {
      "x": -347.45932,
      "y": 25.7521248,
      "z": 203.852646
    },
    {
      "x": -295.677856,
      "y": 23.1690922,
      "z": 176.239868
    }
  ],
  "laboratory": [],
  "lighthouse": [
    {
      "x": -135.948944,
      "y": 29.7065582,
      "z": 261.309052
    },
    {
      "x": -35.25838,
      "y": 7.76675463,
      "z": 240.817337
    },
    {
      "x": 6.31064749,
      "y": 6.59248972,
      "z": 246.753387
    },
    {
      "x": -1.88037038,
      "y": 6.57795048,
      "z": 295.319458
    },
    {
      "x": -2.71696925,
      "y": 6.57795048,
      "z": 335.996
    },
    {
      "x": 6.92733955,
      "y": 6.59636354,
      "z": 179.35527
    },
    {
      "x": 40.35865,
      "y": 10.430348,
      "z": 139.536423
    },
    {
      "x": 60.38063,
      "y": 24.3006668,
      "z": 118.797821
    },
    {
      "x": 49.2740135,
      "y": 15.7289438,
      "z": 62.4863853
    },
    {
      "x": 50.048172,
      "y": 10.181008,
      "z": 36.49277
    },
    {
      "x": -390.437561,
      "y": 15.1578426,
      "z": -414.736542
    },
    {
      "x": -335.245728,
      "y": 0.5389716178,
      "z": -350.177032
    },
    {
      "x": -301.3966,
      "y": 0.5476846956,
      "z": -322.756256
    },
    {
      "x": -274.1688,
      "y": 1.2555660610000001,
      "z": -307.504456
    },
    {
      "x": -153.8565,
      "y": 8.914719,
      "z": -324.440125
    },
    {
      "x": -184.331436,
      "y": 13.2631092,
      "z": -208.147415
    },
    {
      "x": -277.284058,
      "y": 14.2382278,
      "z": -175.448
    },
    {
      "x": -271.556183,
      "y": 14.285676,
      "z": -204.831665
    },
    {
      "x": -203.8689,
      "y": 6.60906649,
      "z": 417.72403
    },
    {
      "x": -227.730057,
      "y": 6.641781,
      "z": 422.753876
    },
    {
      "x": -126.077072,
      "y": 21.6456623,
      "z": 307.16684
    },
    {
      "x": -438.837921,
      "y": 26.5393162,
      "z": -402.1009
    },
    {
      "x": -383.6268,
      "y": 12.591733,
      "z": -204.3279
    },
    {
      "x": -384.19458,
      "y": 14.95361,
      "z": -443.422058
    },
    {
      "x": -359.967651,
      "y": 29.3489037,
      "z": -554.192932
    }
  ],
  "rezervbase": [
    {
      "x": -60.7591362,
      "y": -6.47912836,
      "z": 76.7873
    },
    {
      "x": -90.6994553,
      "y": -1.54958749,
      "z": 140.122711
    },
    {
      "x": -57.1098747,
      "y": -15.3225021,
      "z": 162.027344
    },
    {
      "x": -70.86728,
      "y": -18.0448246,
      "z": 142.329178
    },
    {
      "x": -93.04627,
      "y": -15.704044299999998,
      "z": 153.5963
    },
    {
      "x": -59.9861,
      "y": -19.3641968,
      "z": 95.98342
    },
    {
      "x": -70.7831345,
      "y": -18.3293934,
      "z": 70.56265
    },
    {
      "x": -109.326,
      "y": -10.1063776,
      "z": 68.1899643
    }
  ],
  "shoreline": [
    {
      "x": 21.7578163,
      "y": -21.7658558,
      "z": -116.816818
    },
    {
      "x": 51.85456,
      "y": -21.2345924,
      "z": -120.915588
    },
    {
      "x": 94.2967148,
      "y": -32.8620949,
      "z": -94.95909
    },
    {
      "x": 136.4691,
      "y": -40.0397949,
      "z": -84.48611
    },
    {
      "x": 277.8101,
      "y": -49.2844,
      "z": -56.9202156
    },
    {
      "x": 320.6921,
      "y": -47.4757919,
      "z": 50.2625961
    },
    {
      "x": 228.25061,
      "y": -51.7036667,
      "z": 222.827835
    },
    {
      "x": 175.620438,
      "y": -52.099472,
      "z": 278.2336
    },
    {
      "x": 143.395874,
      "y": -51.7199,
      "z": 291.1424
    },
    {
      "x": 105.224106,
      "y": -45.3506241,
      "z": 285.132477
    },
    {
      "x": 72.14921,
      "y": -49.69929,
      "z": 317.7179
    },
    {
      "x": -40.3800163,
      "y": -47.5226631,
      "z": 302.809326
    },
    {
      "x": -89.9393158,
      "y": -47.8895874,
      "z": 385.692047
    },
    {
      "x": -119.667892,
      "y": -45.9225769,
      "z": 387.7154
    },
    {
      "x": -340.330139,
      "y": -40.96095,
      "z": 199.740189
    },
    {
      "x": -397.821136,
      "y": -31.2467251,
      "z": 168.270218
    },
    {
      "x": -534.1599,
      "y": -31.0766544,
      "z": 122.78479
    },
    {
      "x": -608.3026,
      "y": -42.90004,
      "z": 89.1378
    },
    {
      "x": -694.9616,
      "y": -29.0427952,
      "z": 93.6625
    },
    {
      "x": -720.35614,
      "y": -27.035532,
      "z": 103.138641
    },
    {
      "x": -731.1302,
      "y": -28.6101246,
      "z": 82.78596
    },
    {
      "x": -553.0381,
      "y": -31.1007023,
      "z": -122.218216
    },
    {
      "x": -517.332031,
      "y": -18.1244888,
      "z": -331.826874
    },
    {
      "x": 331.508453,
      "y": -54.1240044,
      "z": -122.091179
    }
  ],
  "tarkovstreets": [],
  "woods": [],
  "sandbox": [
    {
      "x": 45.7849464,
      "y": 31.4172344,
      "z": 146.52832
    },
    {
      "x": 53.1306534,
      "y": 31.4432926,
      "z": 156.713211
    },
    {
      "x": -48.11573,
      "y": 24.6952629,
      "z": 41.3987045
    },
    {
      "x": -26.8314362,
      "y": 24.6952629,
      "z": 15.1404734
    }
  ],
  "sandbox_high": [
    {
      "x": 45.7849464,
      "y": 31.4172344,
      "z": 146.52832
    },
    {
      "x": 53.1306534,
      "y": 31.4432926,
      "z": 156.713211
    },
    {
      "x": -48.11573,
      "y": 24.6952629,
      "z": 41.3987045
    },
    {
      "x": -26.8314362,
      "y": 24.6952629,
      "z": 15.1404734
    },
    {
      "x": 133.664734,
      "y": 33.38064,
      "z": 270.2769
    },
    {
      "x": 112.163437,
      "y": 33.3814163,
      "z": 262.532
    },
    {
      "x": 119.5076,
      "y": 33.3750648,
      "z": 292.139618
    },
    {
      "x": 121.115387,
      "y": 28.6773,
      "z": 294.436523
    },
    {
      "x": 119.409904,
      "y": 23.96636,
      "z": 292.651276
    },
    {
      "x": 56.0442772,
      "y": 23.2307186,
      "z": 307.866364
    },
    {
      "x": -7.96754551,
      "y": 23.2979832,
      "z": 329.9379
    },
    {
      "x": 121.245872,
      "y": 23.79131,
      "z": 189.152176
    },
    {
      "x": 93.13055,
      "y": 27.789999,
      "z": 220.553284
    },
    {
      "x": 114.605194,
      "y": 28.1641,
      "z": 204.578232
    },
    {
      "x": -19.0984421,
      "y": 30.2464314,
      "z": 84.90695
    },
    {
      "x": -17.9085331,
      "y": 30.2359924,
      "z": 68.8605347
    },
    {
      "x": -27.0813961,
      "y": 30.2359924,
      "z": 90.11642
    },
    {
      "x": -42.79469,
      "y": 30.1973877,
      "z": 61.4844437
    },
    {
      "x": 159.183121,
      "y": 17.4658852,
      "z": 9.621948
    },
    {
      "x": 172.266251,
      "y": 17.4887581,
      "z": 33.6692543
    },
    {
      "x": 105.27861,
      "y": 29.41094,
      "z": 155.103775
    },
    {
      "x": 117.891991,
      "y": 29.41094,
      "z": 153.8198
    },
    {
      "x": 126.5935,
      "y": 29.45413,
      "z": 164.84436
    }
  ]
}